ID,タイトル,問題集の説明,問題集の解くための認証,削除フラグ,登録日時,修正日時
id,title,description,passcode,deleted,created_ts,modified_ts
1,全ての問題,登録してある全ての問題を表示,hackerz9990,0,2017-12-27 12:24:12,2017-12-27 12:24:12
2,2016-01-31 Vol.1 [q1-10],Hackerz Lab.博多 Vol.1にて公開した問題,hackerz9991,0,2017-12-27 12:24:12,2017-12-27 12:24:12
3,2016-05-08 Vol.3 [q11-15],Hackerz Lab.博多 Vol.3にて公開した問題,hackerz9993,0,2017-12-27 12:24:12,2017-12-27 12:24:12
4,2016-06-26 Vol.4 [q16-25],Hackerz Lab.博多 Vol.4にて公開した問題,hackerz9994,0,2017-12-27 12:24:12,2017-12-27 12:24:12
5,2016-11-20 Vol.7 [q26-35],Hackerz Lab.博多 Vol.7にて公開した問題,hackerz9997,0,2017-12-27 12:24:12,2017-12-27 12:24:12
6,2017-01-22 Vol.8 [q36-45],Hackerz Lab.博多 Vol.8にて公開した問題,hackerz9998,0,2017-12-27 12:24:12,2017-12-27 12:24:12
7,2018-03-18 Vol.16 [q46-60],Hackerz Lab.博多 Vol.16にて公開した問題,hackerz99916,0,2018-03-17 16:02:50,2018-03-17 16:02:50
8,2018-05-13 Vol.17 [q61-75],Hackerz Lab.博多 Vol.17にて公開した問題,hackerz99917,0,2018-05-12 13:49:43,2018-05-12 13:49:43
9,2018-07-01 Vol.18 [q76-80],Hackerz Lab.博多 Vol.18にて公開した問題,hackerz99918,0,2018-07-01 10:29:51,2018-07-01 10:29:51
10,2018-09-09 Vol.19 [q81-89],Hackerz Lab.博多 Vol.19にて公開した問題,hackerz99919,0,2018-09-07 12:47:25,2018-09-07 12:47:25
11,2019-04-07 Vol.20(第1部) [q90-99],Hackerz Lab.博多 Vol.20(第1部) にて公開した問題,hackerz99920,0,2019-04-06 14:10:09,2019-04-06 14:10:09
12,2019-04-07 Vol.20(第2部) [q100-109],Hackerz Lab.博多 Vol.20(第2部) にて公開した問題,hackerz99921,0,2019-04-06 14:10:09,2019-04-06 14:10:09