ID,ログインID名,ログインパスワード,名前,承認フラグ,削除フラグ,登録日時,修正日時
id,login_id,password,name,approved,deleted,created_ts,modified_ts
1,hackerz.root@gmail.com,root,root,1,0,2017-12-27 12:24:12,2017-12-27 12:24:12
2,hackerz.sudo@gmail.com,sudo,sudo,1,0,2017-12-27 12:24:13,2017-12-27 12:24:13
3,hackerz.admin@gmail.com,admin,admin,1,0,2017-12-27 12:24:14,2017-12-27 12:24:14
4,hackerz.general@gmail.com,general,general,1,0,2017-12-27 12:24:15,2017-12-27 12:24:15
5,hackerz.guest@gmail.com,guest,guest,1,0,2017-12-27 12:24:16,2017-12-27 12:24:16
6,hackerz.osomatu@gmail.com,osomatu,おそまつ,1,0,2017-12-27 12:24:17,2017-12-27 12:24:17
7,hackerz.karamatu@gmail.com,karamatu,からまつ,1,0,2017-12-27 12:24:18,2017-12-27 12:24:18
8,hackerz.tyoromatu@gmail.com,tyoromatu,ちょろまつ,1,0,2017-12-27 12:24:19,2017-12-27 12:24:19
9,hackerz.itimatu@gmail.com,itimatu,いちまつ,1,0,2017-12-27 12:24:20,2017-12-27 12:24:20
10,hackerz.zyuusimatu@gmail.com,zyuusimatu,じゅうしまつ,1,0,2017-12-27 12:24:21,2017-12-27 12:24:21
11,hackerz.todomatu@gmail.com,todomatu,とどまつ,1,1,2017-12-27 12:24:22,2017-12-27 12:24:22
12,entry1,exakids1,entry1,1,0,2019-06-21 10:30:59,2019-06-21 10:30:59
13,entry2,exakids2,entry2,1,0,2019-06-21 10:30:59,2019-06-21 10:30:59
14,entry3,exakids3,entry3,1,0,2019-06-21 10:30:59,2019-06-21 10:30:59
15,entry4,exakids4,entry4,1,0,2019-06-21 10:30:59,2019-06-21 10:30:59
16,entry5,exakids5,entry5,1,0,2019-06-21 10:30:59,2019-06-21 10:30:59
17,entry6,exakids6,entry6,1,0,2019-06-21 10:30:59,2019-06-21 10:30:59
18,entry7,exakids7,entry7,1,0,2019-06-21 10:30:59,2019-06-21 10:30:59
19,entry8,exakids8,entry8,1,0,2019-06-21 10:30:59,2019-06-21 10:30:59
20,entry9,exakids9,entry9,1,0,2019-06-21 10:30:59,2019-06-21 10:30:59
21,entry10,exakids10,entry10,1,0,2019-06-21 10:30:59,2019-06-21 10:30:59
22,entry11,exakids11,entry11,1,0,2019-06-21 10:30:59,2019-06-21 10:30:59
23,entry12,exakids12,entry12,1,0,2019-06-21 10:30:59,2019-06-21 10:30:59
24,browse1,exakidsb1,browse1,1,0,2019-06-21 10:30:59,2019-06-21 10:30:59
25,browse2,exakidsb2,browse2,1,0,2019-06-21 10:30:59,2019-06-21 10:30:59
26,browse3,exakidsb3,browse3,1,0,2019-06-21 10:30:59,2019-06-21 10:30:59